Workbook

Sheet Slip Gaji
C1: PT HEXAGON KARYATAMA INDONESIA
C2: SLIP GAJI KARYAWAN
C3: Dokumen Rahasia dan Bersifat Pribadi
A5: Pilih No. Karyawan | B5: 1
A7: ID Karyawan | C7: =INDEX(#REF!,MATCH($B$5,#REF!,0)) -> #REF! | E7: Tanggal Upah Tetap | G7: =#REF! -> #REF!
A8: Nama Karyawan | C8: =INDEX(#REF!,MATCH($B$5,#REF!,0)) -> #REF! | E8: Tanggal Insentif KPI | G8: =#REF! -> #REF!
A9: Jabatan | C9: =INDEX(#REF!,MATCH($B$5,#REF!,0)) -> #REF! | E9: Tanggal Lembur/Reimburse | G9: =#REF! -> #REF!
A10: Periode Payroll | C10: =#REF! -> #REF! | E10: Cut-off Lembur | G10: =#REF! -> #REF!
A11: Status KPI | C11: =IF(INDEX(#REF!,MATCH($B$5,#REF!,0))>=Ketentuan!$B$5,"TERCAPAI - INSENTIF PENUH","BELUM MENCAPAI 90%") -> #REF! | E11: Laporan Finance | G11: =#REF! -> #REF!
A13: PENGHASILAN DAN PENGGANTIAN BIAYA | E13: POTONGAN KARYAWAN
A14: Upah Tetap | D14: =INDEX(#REF!,MATCH($B$5,#REF!,0)) -> #REF! | E14: JHT Karyawan | H14: =INDEX(#REF!,MATCH($B$5,#REF!,0)) -> #REF!
A15: Insentif KPI | D15: =INDEX(#REF!,MATCH($B$5,#REF!,0)) -> #REF! | E15: JP Karyawan | H15: =INDEX(#REF!,MATCH($B$5,#REF!,0)) -> #REF!
A16: Lembur | D16: =INDEX(#REF!,MATCH($B$5,#REF!,0)) -> #REF! | E16: BPJS Kesehatan Karyawan | H16: =INDEX(#REF!,MATCH($B$5,#REF!,0)) -> #REF!
A17: Reimbursement | D17: =INDEX(#REF!,MATCH($B$5,#REF!,0)) -> #REF! | E17: PPh 21 | H17: =INDEX(#REF!,MATCH($B$5,#REF!,0)) -> #REF!
A18: Pendapatan Bruto | D18: =INDEX(#REF!,MATCH($B$5,#REF!,0)) -> #REF! | E18: Potongan Lain Sah | H18: =INDEX(#REF!,MATCH($B$5,#REF!,0)) -> #REF!
A19: Total Dana Masuk | D19: =INDEX(#REF!,MATCH($B$5,#REF!,0))+INDEX(#REF!,MATCH($B$5,#REF!,0)) -> #REF! | E19: Total Potongan | H19: =INDEX(#REF!,MATCH($B$5,#REF!,0)) -> #REF!
A21: BERSIH DITERIMA KARYAWAN | G21: =INDEX(#REF!,MATCH($B$5,#REF!,0)) -> #REF!
A24: KONTRIBUSI PERUSAHAAN (TIDAK MENGURANGI GAJI KARYAWAN)
A25: JHT Perusahaan | D25: =INDEX(#REF!,MATCH($B$5,#REF!,0))*Ketentuan!$B$9 -> #REF!
A26: JKK Perusahaan | D26: =INDEX(#REF!,MATCH($B$5,#REF!,0))*Ketentuan!$B$10 -> #REF!
A27: JKM Perusahaan | D27: =INDEX(#REF!,MATCH($B$5,#REF!,0))*Ketentuan!$B$11 -> #REF!
A28: JP Perusahaan (C-Level) | D28: =IF(OR(INDEX(#REF!,MATCH($B$5,#REF!,0))="CEO",INDEX(#REF!,MATCH($B$5,#REF!,0))="COO"),INDEX(#REF!,MATCH($B$5,#REF!,0))*Ketentuan!$B$12,0) -> #REF!
A29: JKP | D29: 0
A30: BPJS Kesehatan Perusahaan | D30: =INDEX(#REF!,MATCH($B$5,#REF!,0)) -> #REF!
A31: Total Beban Perusahaan | D31: =INDEX(#REF!,MATCH($B$5,#REF!,0)) -> #REF!
A33: Keterangan: Upah Tetap terdiri dari Gaji Pokok dan Porsi KPI dalam Gaji Pokok serta tidak dikurangi hanya karena KPI tidak tercapai. Insentif KPI merupakan komponen variabel dan dibayar penuh apabila capaian minimal 90%. Potongan hanya dapat dilakukan untuk BPJS bagian karyawan, pajak, ketidakhadiran yang sah, kewajiban berdasarkan aturan/putusan, atau persetujuan tertulis.
A37: Dibuat oleh, Finance/HR | F37: Mengetahui, Karyawan
A40: (________________________) | F40: (________________________)

Sheet Ketentuan
A1: KETENTUAN DAN PARAMETER SLIP GAJI
A2: PT Hexagon Karyatama Indonesia · Template Payroll 2026
A4: Parameter | B4: Nilai | C4: Penggunaan | D4: Keterangan
A5: Ambang KPI | B5: 0.9 | C5: Insentif KPI | D5: Insentif KPI dibayar penuh apabila capaian minimal 90%
A6: JHT Karyawan | B6: 0.02 | C6: Potongan karyawan | D6: Dihitung dari Upah Tetap
A7: JP Karyawan C-Level | B7: 0.01 | C7: Potongan CEO/COO | D7: Sesuai struktur internal terakhir
A8: BPJS Kesehatan Karyawan | B8: 0.01 | C8: Potongan karyawan | D8: Dasar iuran mengikuti batas minimum dan maksimum
A9: JHT Perusahaan | B9: 0.037 | C9: Beban perusahaan | D9: Dihitung dari Upah Tetap
A10: JKK Perusahaan | B10: 0.0024 | C10: Beban perusahaan | D10: Asumsi tingkat risiko sangat rendah
A11: JKM Perusahaan | B11: 0.003 | C11: Beban perusahaan | D11: Dihitung dari Upah Tetap
A12: JP Perusahaan C-Level | B12: 0.02 | C12: Beban CEO/COO | D12: Sesuai struktur internal terakhir
A13: JKP | B13: 0 | C13: Informasi | D13: Tidak menjadi tambahan iuran langsung pada template
A14: BPJS Kesehatan Perusahaan | B14: 0.04 | C14: Beban perusahaan | D14: Dasar iuran mengikuti batas minimum dan maksimum
A15: UMK Kota Cimahi 2026 | B15: 4090568 | C15: Batas minimum dasar BPJS Kesehatan | D15: Dapat diperbarui bila ketentuan berubah
A17: Ketentuan Pembayaran | B17: Waktu | C17: Status di Slip | D17: Penjelasan
A18: Upah Tetap | B18: Tanggal 10 setiap bulan | C18: Penghasilan tetap | D18: Gaji Pokok + Porsi KPI dalam Gaji Pokok; tidak dikurangi karena KPI tidak tercapai
A19: Insentif KPI | B19: Jumat minggu ke-3 | C19: Penghasilan variabel | D19: Dibayar penuh jika capaian KPI minimal 90%
A20: Lembur dan reimbursement | B20: Tanggal 1 | C20: Penghasilan/penggantian biaya | D20: Cut-off tanggal 25; laporan kepada Finance tanggal 27
A21: Slip gaji | B21: Setiap periode pembayaran | C21: Dokumen rincian | D21: Memuat penghasilan, potongan, BPJS, pajak, dan nilai bersih
A23: Catatan: tarif dan kepesertaan BPJS pada template ini dapat disesuaikan dengan tagihan resmi serta ketentuan yang berlaku bagi masing-masing karyawan.
